study_hours,attendance_pct,previous_score,sleep_hours,practice_tests,final_score,passed
5.6,96.4,59.1,6.3,8,72.8,1
2.9,90.7,49.1,6.3,0,39.7,0
6.5,71.4,53.8,8.6,4,64.6,0
6.9,62.0,69.5,7.4,4,71.4,1
1.1,44.4,60.0,6.7,10,53.6,0
2.4,73.5,65.1,7.6,6,52.2,0
5.3,100.0,70.1,4.5,5,72.3,1
4.4,85.2,54.4,6.9,1,60.0,0
5.0,73.3,71.3,9.4,8,63.7,0
3.3,85.6,65.7,7.2,3,64.6,0
6.8,61.3,41.5,7.1,1,50.5,0
6.6,76.4,81.6,7.7,10,89.3,1
5.1,81.2,52.5,8.1,2,62.0,0
7.3,79.0,35.2,4.6,0,61.7,0
5.9,89.5,44.3,5.0,0,59.4,0
3.3,84.1,44.7,7.3,4,41.4,0
5.7,88.0,60.8,6.1,1,60.1,0
3.1,71.7,55.9,8.6,9,63.0,0
6.8,90.8,54.9,6.6,5,72.9,1
4.9,99.5,69.3,4.7,3,70.2,1
4.6,68.4,65.1,5.5,0,57.8,0
3.6,69.3,64.7,4.0,5,58.4,0
7.4,96.0,66.1,6.7,1,74.7,1
4.7,77.7,69.2,6.8,10,65.3,0
4.1,96.8,28.4,6.5,3,49.4,0
4.3,74.7,54.5,8.3,5,63.4,0
6.1,97.5,27.3,8.4,0,52.2,0
5.7,81.6,60.5,6.8,1,66.3,1
5.8,83.1,59.9,4.4,2,66.9,1
5.9,98.8,75.7,7.7,0,73.8,1
9.3,75.7,77.8,7.7,7,77.6,1
4.2,68.7,63.0,7.4,10,62.4,0
4.0,74.6,52.5,8.2,10,76.1,1
3.4,85.4,67.3,5.6,2,54.2,0
6.2,61.2,52.1,9.4,8,60.9,0
7.3,87.6,60.0,5.8,5,82.2,1
4.8,73.5,74.8,7.9,0,62.3,0
3.3,93.8,51.6,5.0,0,54.9,0
3.4,51.3,72.1,5.9,6,57.8,0
6.3,70.6,70.2,8.8,4,75.5,1
6.5,59.8,45.7,6.7,0,56.1,0
6.1,70.1,74.6,8.0,10,85.3,1
3.7,83.0,70.5,7.3,8,81.1,1
5.5,77.8,61.5,6.9,5,72.7,1
5.2,77.0,48.6,8.6,10,63.5,0
5.4,78.1,47.1,6.7,10,72.0,1
6.7,82.4,51.9,4.9,10,81.5,1
5.4,67.9,68.1,6.0,2,67.7,1
6.4,88.5,45.7,7.7,9,73.6,1
5.1,88.0,66.6,7.5,5,77.1,1
5.6,84.6,41.4,5.1,7,68.4,1
6.3,86.7,56.9,6.1,9,89.7,1
2.1,83.6,61.6,6.3,1,44.6,0
4.4,100.0,96.7,6.6,4,76.7,1
4.1,79.0,39.3,5.3,1,45.1,0
3.7,76.3,82.1,6.2,3,60.8,0
4.4,71.0,62.2,6.1,4,54.9,0
8.0,67.6,66.2,7.9,9,70.8,1
3.3,65.1,61.8,8.0,9,60.7,0
6.9,69.3,66.7,6.8,4,73.7,1
1.6,79.2,57.7,6.5,3,44.5,0
4.3,84.0,81.8,7.2,5,81.5,1
5.3,80.6,53.2,6.0,10,71.3,1
6.2,70.8,77.0,5.6,10,86.9,1
6.4,90.8,50.3,5.9,2,66.6,1
6.6,88.9,59.1,6.2,2,73.2,1
4.3,78.1,43.9,5.6,7,59.6,0
4.1,72.2,66.8,7.2,3,66.6,1
6.7,86.6,81.7,7.9,2,79.1,1
4.6,82.3,58.8,5.1,0,57.1,0
2.4,62.6,57.0,7.0,4,49.9,0
2.7,79.2,43.3,6.7,4,46.9,0
3.2,83.1,56.6,7.4,6,61.9,0
6.0,69.2,36.1,7.0,2,65.7,1
5.3,82.3,46.3,5.3,7,62.5,0
6.4,62.5,63.4,5.5,7,71.9,1
4.1,96.0,79.8,7.0,5,79.3,1
5.3,95.0,100.0,8.2,1,86.1,1
6.3,77.0,51.2,4.3,5,64.3,0
4.4,84.4,81.5,7.4,7,63.6,0
5.9,51.1,63.7,8.4,4,66.5,1
3.7,66.1,57.7,6.8,2,40.3,0
4.3,76.5,66.5,7.7,5,72.5,1
4.2,67.1,60.9,6.2,3,56.5,0
2.6,88.6,61.7,6.9,4,61.9,0
6.0,100.0,53.9,5.1,3,63.2,0
4.1,65.9,39.0,4.2,3,37.1,0
5.0,70.0,36.8,8.1,7,60.9,0
6.0,82.8,69.8,5.8,5,72.6,1
5.9,99.3,55.8,6.5,5,70.0,1
6.3,65.3,51.1,5.3,7,66.0,1
4.8,83.0,60.1,5.3,3,74.6,1
4.2,100.0,71.9,6.8,1,69.6,1
4.8,60.2,62.7,6.1,9,71.2,1
1.6,64.6,50.2,7.5,0,41.7,0
2.1,74.9,78.4,7.5,6,68.4,1
2.4,73.8,83.7,7.4,2,56.8,0
3.0,89.8,67.4,7.3,2,48.1,0
5.8,82.9,74.6,8.9,0,68.9,1
3.2,58.7,78.6,5.7,9,68.0,1
4.2,86.2,77.0,6.9,4,63.6,0
7.6,73.1,69.2,8.4,3,76.1,1
4.3,95.3,69.0,8.5,8,72.8,1
6.5,72.5,67.8,5.3,0,71.0,1
3.1,72.4,43.5,6.6,6,55.0,0
4.6,86.5,70.5,8.6,5,74.7,1
3.1,89.2,39.7,7.6,6,58.4,0
4.3,85.4,48.1,7.2,1,54.2,0
6.7,59.8,79.6,6.7,10,83.0,1
1.5,86.5,72.6,6.5,2,46.2,0
5.9,67.6,82.3,7.3,7,66.8,1
5.5,82.8,55.9,6.7,8,72.2,1
3.8,62.9,42.7,6.9,3,49.0,0
2.1,85.4,56.4,7.1,1,54.0,0
5.1,70.3,61.5,6.2,3,68.3,1
3.9,64.6,61.2,7.6,8,70.9,1
5.5,88.6,77.0,10.0,9,80.7,1
5.0,82.9,54.6,4.9,10,68.0,1
8.2,72.6,65.3,7.4,2,77.7,1
4.5,97.4,45.2,6.1,6,76.0,1
3.0,74.7,66.8,7.7,1,60.8,0
5.4,80.4,60.0,7.1,7,76.4,1
5.4,83.2,48.8,7.9,4,62.1,0
7.7,72.6,56.5,8.4,7,74.4,1
6.7,85.7,57.2,7.2,7,80.7,1
5.7,73.6,55.9,8.4,10,69.5,1
7.9,75.1,86.6,4.2,5,81.6,1
2.6,96.4,58.5,8.9,3,58.1,0
3.7,67.5,56.3,7.5,5,64.6,0
3.1,51.0,28.5,8.3,1,33.4,0
4.2,99.3,46.6,5.5,1,42.7,0
2.2,100.0,56.1,6.0,5,59.1,0
6.3,75.1,49.7,7.2,9,69.3,1
4.6,56.8,80.7,7.0,5,65.9,1
2.1,76.3,57.5,7.3,8,56.3,0
3.0,76.6,79.3,8.3,1,57.6,0
5.6,77.7,60.9,4.9,4,68.1,1
6.7,66.6,60.6,8.2,6,65.2,0
9.0,87.0,58.7,7.0,3,78.4,1
10.8,86.3,60.1,6.8,0,87.6,1
5.8,62.1,85.8,5.2,0,61.1,0
3.0,88.4,25.2,7.6,10,47.6,0
0.7,100.0,30.0,4.1,6,43.7,0
5.5,82.1,51.9,7.8,2,67.8,1
3.4,76.0,60.2,5.2,2,51.4,0
4.2,78.3,70.4,7.1,0,48.6,0
3.8,87.4,67.1,6.9,10,76.1,1
4.7,59.2,54.2,8.4,1,44.8,0
7.1,82.0,75.3,6.8,8,86.4,1
5.3,75.3,75.5,6.2,2,61.5,0
4.7,100.0,62.8,6.4,3,61.1,0
2.9,77.9,74.4,8.5,3,58.2,0
1.7,100.0,64.1,7.6,9,64.3,0
4.0,66.8,51.6,6.5,0,44.1,0
4.9,87.0,70.5,6.7,3,70.5,1
8.5,83.8,61.7,5.1,3,74.6,1
5.3,69.6,60.0,7.5,3,67.1,1
7.0,82.1,82.1,4.9,2,76.9,1
4.0,94.6,23.2,7.9,10,57.6,0
2.6,76.1,38.7,7.2,4,41.8,0
3.1,59.7,42.2,9.9,4,40.4,0
3.5,79.8,54.6,5.7,4,56.1,0
9.3,69.2,56.2,6.9,10,85.5,1
3.4,75.9,37.4,9.2,3,38.0,0
6.7,79.0,45.2,8.4,3,63.6,0
3.2,59.5,47.1,6.2,3,40.2,0
6.9,60.6,96.9,7.3,3,87.2,1
5.8,85.8,87.0,7.0,0,64.1,0
4.7,73.7,53.8,7.3,6,55.5,0
4.9,49.2,54.5,6.2,0,52.9,0
3.7,89.4,42.8,6.9,2,58.9,0
5.9,83.3,31.4,5.1,2,50.0,0
4.1,71.4,58.2,7.2,3,53.4,0
2.5,64.2,45.0,7.5,8,54.4,0
2.4,90.0,58.7,6.7,6,46.5,0
5.3,84.2,36.0,5.1,10,55.7,0
8.2,100.0,48.6,8.2,3,77.4,1
5.3,85.0,62.2,7.4,10,84.9,1
4.8,84.7,65.5,6.1,0,57.4,0
5.6,78.0,66.3,6.7,5,70.3,1
7.6,89.8,40.2,5.2,8,80.3,1
5.4,87.5,72.8,5.8,5,83.0,1
4.2,95.0,48.0,6.4,10,66.0,1
7.2,73.7,69.5,8.5,3,75.6,1
5.9,74.8,59.8,6.2,0,69.0,1
8.1,74.3,39.4,7.8,8,68.1,1
5.4,89.5,55.3,6.4,0,65.2,0
2.6,98.0,65.5,7.3,8,62.0,0
2.3,74.5,69.2,6.8,8,61.2,0
8.3,74.9,57.9,8.0,9,83.7,1
8.4,83.8,83.0,6.4,5,83.7,1
4.6,77.1,75.1,5.1,9,67.6,1
4.2,91.4,56.2,5.3,1,57.4,0
7.9,53.0,71.3,6.4,4,78.0,1
2.8,70.1,89.0,5.5,1,55.9,0
3.2,70.6,89.4,7.5,8,71.7,1
6.3,52.2,41.6,6.4,7,63.1,0
4.2,68.4,46.1,9.8,8,57.8,0
5.0,69.0,82.3,4.9,8,76.6,1
4.7,77.6,44.1,7.2,3,59.8,0
5.7,93.4,40.2,5.6,0,69.1,1
7.8,77.1,52.7,6.4,10,79.3,1
5.2,67.6,66.3,7.2,5,63.8,0
6.3,79.3,58.5,4.2,1,65.1,0
0.9,92.6,50.2,7.3,10,60.4,0
4.9,68.3,49.9,9.3,10,66.6,1
3.3,69.1,49.3,6.5,4,48.2,0
2.6,86.7,46.8,7.3,8,60.4,0
3.2,77.3,94.2,8.2,0,59.4,0
4.3,87.8,64.5,6.8,1,58.2,0
6.8,79.8,73.3,6.3,3,74.7,1
2.3,88.4,52.7,4.3,7,58.8,0
5.1,67.6,57.2,7.8,1,54.2,0
4.0,79.9,49.3,6.9,0,41.1,0
4.3,77.5,20.2,5.8,7,40.4,0
7.0,65.4,39.3,7.2,8,61.8,0
6.1,61.2,32.8,6.3,8,53.4,0
7.7,88.2,26.3,6.4,8,70.5,1
4.7,75.8,42.1,7.7,8,56.7,0
3.6,67.7,79.9,5.4,6,60.0,0
4.6,78.8,59.3,8.3,5,61.4,0
5.5,93.5,79.4,5.3,9,79.9,1
5.4,52.6,66.2,6.2,3,65.6,1
2.8,62.0,71.7,9.3,1,56.3,0
5.2,68.9,46.5,8.4,8,65.5,1
5.5,97.5,67.9,7.1,3,70.0,1
10.0,83.4,70.9,5.9,10,95.6,1
8.8,89.2,51.4,6.4,4,80.6,1
3.3,66.3,68.4,7.1,9,67.3,1
4.4,66.6,68.5,7.0,0,51.0,0
2.1,85.4,51.8,6.9,7,55.3,0
3.8,80.7,43.2,7.0,4,43.5,0
5.6,86.6,42.2,6.7,5,64.5,0
7.4,77.7,61.3,5.3,2,73.1,1
3.5,83.3,64.9,6.4,10,67.5,1
3.7,81.9,48.1,8.1,4,65.7,1
0.7,89.3,60.4,5.4,9,50.0,0
4.7,89.7,68.6,6.8,4,69.4,1
2.9,60.6,69.3,6.0,0,46.6,0
3.9,53.0,83.3,7.1,9,68.3,1
3.2,92.0,79.2,6.5,2,62.4,0
4.8,94.3,45.0,8.8,2,61.6,0
1.5,67.8,85.3,7.6,9,68.0,1
2.1,57.7,52.0,5.4,9,56.3,0
9.3,81.2,75.7,7.8,10,98.2,1
2.4,91.2,61.0,6.1,4,59.6,0
2.8,100.0,53.8,6.3,8,59.6,0
8.7,86.2,32.9,7.4,3,74.8,1
10.8,75.5,57.4,6.4,8,88.2,1
2.7,69.3,36.6,8.1,5,52.1,0
4.3,80.1,74.5,6.1,0,70.5,1
5.7,76.4,82.8,6.3,4,73.0,1
8.5,67.8,48.0,6.2,5,61.4,0
3.0,100.0,64.5,6.3,2,56.0,0
4.5,100.0,49.1,8.3,4,71.2,1
6.6,93.6,50.6,7.8,5,76.5,1
5.9,68.9,71.6,9.1,0,67.2,1
4.2,90.3,59.4,9.7,1,67.2,1
4.7,87.7,86.1,5.8,8,81.2,1
2.3,85.3,52.8,7.1,3,56.6,0
4.5,95.0,75.0,5.6,6,77.2,1
4.5,87.6,61.5,6.1,6,74.3,1
5.5,88.9,71.9,6.2,6,76.7,1
3.9,87.6,53.3,5.7,4,62.3,0
5.9,84.1,59.3,5.7,5,67.4,1
7.0,58.6,58.3,6.8,9,71.1,1
5.3,81.0,47.5,5.5,10,77.3,1
5.7,73.3,69.9,8.0,2,68.4,1
5.1,64.6,69.8,5.9,7,71.6,1
5.0,100.0,68.9,10.0,10,85.7,1
3.6,100.0,83.1,6.5,0,62.1,0
5.6,96.3,81.7,7.1,8,84.8,1
4.8,83.1,54.4,5.4,5,69.1,1
9.2,96.2,65.6,9.0,10,100.0,1
8.1,80.1,50.6,8.3,6,70.2,1
5.8,82.4,60.4,7.4,9,75.4,1
3.5,66.9,51.0,5.4,1,54.2,0
2.8,84.8,84.3,7.3,1,59.7,0
7.4,80.7,65.5,5.7,10,75.0,1
5.5,64.4,56.7,8.8,5,74.6,1
6.0,79.4,77.9,8.0,6,82.3,1
1.5,79.0,27.4,7.1,1,33.3,0
6.9,100.0,29.8,4.1,2,58.5,0
5.9,90.7,71.9,5.8,9,86.5,1
2.8,80.1,60.9,7.8,3,52.3,0
4.1,83.0,63.8,8.5,6,73.2,1
5.5,80.5,40.1,8.3,3,62.4,0
5.1,77.6,59.7,5.1,2,60.1,0
4.4,67.0,90.1,7.4,1,65.9,1
4.8,78.2,72.4,8.2,10,77.0,1
4.5,71.0,62.5,5.0,10,72.8,1
5.3,65.0,53.4,7.0,1,50.8,0
7.9,86.1,54.1,7.3,3,66.8,1
0.5,84.7,28.1,6.6,6,41.1,0
4.5,58.6,63.9,4.8,4,58.8,0
5.4,78.5,72.7,6.6,7,76.6,1
5.6,91.9,36.4,6.6,2,60.2,0
4.3,92.7,50.1,6.8,0,53.3,0
1.5,92.3,42.6,6.3,3,48.3,0
5.7,80.5,45.5,6.5,6,64.6,0
8.5,69.9,60.8,7.0,1,69.9,1
1.9,67.0,28.7,7.5,8,42.2,0
6.7,84.1,69.2,6.6,0,79.4,1
4.3,84.6,71.3,6.5,0,51.3,0
4.9,95.4,56.2,7.1,5,70.6,1
2.9,93.2,22.8,4.7,5,36.2,0
4.3,78.4,45.1,7.6,3,54.5,0
7.6,65.1,78.5,7.0,2,72.9,1
6.2,76.2,18.3,7.0,0,37.5,0
8.5,82.6,54.8,8.2,7,85.8,1
7.4,77.6,42.3,4.7,4,63.0,0
5.9,73.1,72.1,4.6,1,52.8,0
8.5,83.0,49.9,7.3,4,80.9,1
5.9,74.0,66.1,7.0,10,85.0,1
6.7,72.5,68.5,7.2,2,77.3,1
4.4,83.7,87.5,6.4,9,81.0,1
5.1,75.2,57.0,7.8,2,60.8,0
3.6,82.9,65.6,8.1,2,66.2,1
7.0,83.3,37.7,7.6,2,72.0,1
2.6,66.3,77.9,6.7,3,61.0,0
6.6,74.2,48.6,4.5,1,53.5,0
4.6,97.3,51.6,7.9,6,69.2,1
7.3,66.1,59.7,8.5,3,73.0,1
6.5,54.6,36.6,7.8,7,52.6,0
8.6,57.7,63.4,5.9,5,77.7,1
6.5,80.3,74.5,7.8,4,88.2,1
1.9,80.4,64.4,8.0,5,58.9,0
4.9,78.6,36.2,8.9,1,60.4,0
2.7,94.6,58.1,5.9,7,61.8,0
4.0,47.9,71.1,6.7,1,50.8,0
8.0,84.8,31.8,7.9,7,75.8,1
6.3,98.7,43.9,7.1,10,73.9,1
3.6,66.5,73.1,5.7,8,59.4,0
3.0,75.4,64.1,7.5,5,64.7,0
5.1,71.0,66.2,7.7,3,70.9,1
2.6,69.3,87.9,7.1,9,64.1,0
3.7,76.1,67.0,7.3,2,62.6,0
5.6,97.1,69.9,6.7,5,75.4,1
7.3,100.0,100.0,8.8,8,100.0,1
6.2,76.0,56.8,5.9,10,77.3,1
0.5,100.0,48.0,6.3,10,59.4,0
5.6,80.4,66.4,7.0,0,63.7,0
5.1,100.0,66.6,8.1,9,88.0,1
5.8,78.9,52.1,5.2,1,59.6,0
8.2,81.6,44.5,5.4,6,77.0,1
0.9,84.4,94.6,4.6,10,62.3,0
3.8,100.0,64.9,7.0,7,81.4,1
6.2,90.2,49.0,5.7,10,77.9,1
1.8,71.5,73.7,6.5,3,55.1,0
8.0,91.6,58.4,7.8,3,70.8,1
5.7,75.7,56.2,6.2,3,58.4,0
6.7,74.1,68.4,7.3,3,78.1,1
3.9,90.9,40.6,6.6,7,61.2,0
6.6,80.4,65.3,7.8,4,64.5,0
7.1,83.3,88.7,7.6,8,96.0,1
5.5,80.2,67.0,6.2,4,65.3,0
5.5,84.0,54.4,6.8,3,70.9,1
5.5,85.1,52.4,8.3,2,63.2,0
3.3,56.8,53.8,7.5,6,53.9,0
4.7,88.0,56.2,5.3,9,75.2,1
4.7,68.2,54.3,7.8,9,62.2,0
5.8,62.7,73.7,5.7,2,58.7,0
7.0,79.3,34.0,8.7,5,66.1,1
2.9,81.0,72.9,8.2,7,70.4,1
4.7,71.7,54.3,7.3,6,55.8,0
8.0,90.0,65.7,7.2,0,67.4,1
3.5,63.9,43.1,6.7,6,54.9,0
3.4,75.1,79.9,7.8,0,55.4,0
5.4,73.0,78.7,6.6,1,63.9,0
6.7,79.4,74.4,7.3,7,72.0,1
5.0,83.3,37.3,8.0,1,50.6,0
7.7,67.9,72.4,6.3,3,74.7,1
6.7,88.7,66.1,6.3,6,82.7,1
6.7,80.8,35.9,5.6,7,62.3,0
6.1,57.3,59.6,5.7,4,69.9,1
9.7,56.5,65.5,4.8,1,69.6,1
4.6,79.9,68.3,7.9,8,69.3,1
1.0,77.3,62.7,9.2,10,67.2,1
8.2,78.8,64.4,8.7,9,89.7,1
4.1,79.7,82.1,5.0,8,69.1,1
5.2,82.7,78.4,7.9,4,72.7,1
7.6,91.4,17.0,8.7,9,79.4,1
1.8,66.7,55.2,6.5,5,54.2,0
2.5,65.9,57.5,7.1,1,41.0,0
1.8,66.9,33.7,4.6,9,42.9,0
3.4,83.5,61.4,7.3,3,58.4,0
5.9,94.9,78.7,5.7,10,81.0,1
6.0,74.8,43.7,7.2,4,61.6,0
5.6,50.0,65.0,5.1,9,66.4,1
2.2,59.6,46.3,7.7,5,50.8,0
0.5,70.0,49.9,8.2,5,48.4,0
5.1,73.3,82.2,6.1,3,66.7,1
4.1,75.1,51.9,5.6,9,61.3,0
5.9,80.5,66.9,4.4,0,64.9,0
6.4,76.3,31.9,6.7,5,57.7,0
5.3,92.6,87.9,6.3,4,80.7,1
6.5,71.9,69.0,5.1,5,70.6,1
5.5,69.7,57.3,7.5,2,55.7,0
6.1,85.7,68.6,6.5,7,72.6,1
3.6,61.6,38.9,5.7,4,52.2,0
4.6,84.7,77.7,6.3,2,65.5,1
5.4,81.2,55.1,8.3,2,71.4,1
6.6,78.2,56.9,7.7,7,72.4,1
4.2,99.1,52.6,6.8,2,61.4,0
6.0,72.5,51.3,7.7,3,75.0,1
4.5,100.0,70.4,5.6,6,67.0,1
4.8,77.3,63.8,7.0,3,53.2,0
6.7,64.7,69.8,7.2,4,77.8,1
1.0,80.8,59.9,6.4,2,39.9,0
2.4,67.1,67.7,7.5,3,51.9,0
2.0,71.0,53.7,6.1,7,47.8,0
0.5,84.8,93.4,7.6,5,62.0,0
3.6,86.7,36.5,7.7,10,57.1,0
6.5,72.5,78.9,4.0,8,76.9,1
4.4,91.8,80.5,8.4,0,69.9,1
5.4,93.9,47.2,4.0,4,56.4,0
7.2,97.2,93.4,6.3,3,83.8,1
7.7,86.4,74.9,8.2,6,85.3,1
4.9,96.4,74.6,6.6,2,62.6,0
7.7,57.4,60.4,5.2,10,75.0,1
5.2,76.2,56.7,5.7,3,60.7,0
3.3,69.6,56.9,8.2,5,54.5,0
3.8,81.4,65.9,4.7,1,53.2,0
2.0,73.1,81.0,8.4,10,68.0,1
3.2,78.0,62.7,6.9,10,62.9,0
4.3,100.0,46.3,5.6,8,69.4,1
6.6,78.0,72.4,6.3,3,79.8,1
8.4,85.0,73.8,5.8,0,75.0,1
2.2,77.2,69.8,8.0,7,63.5,0
5.8,80.9,71.2,7.9,4,71.8,1
2.9,80.1,55.9,4.9,10,62.5,0
5.9,85.4,46.1,6.5,7,76.4,1
4.7,94.0,47.0,6.0,5,64.9,0
1.3,99.8,35.5,8.6,10,47.3,0
6.9,83.7,63.6,5.4,8,80.9,1
3.8,87.1,58.7,8.9,5,70.6,1
3.9,66.2,53.4,7.0,0,46.9,0
2.9,78.9,15.7,5.6,1,38.6,0
3.7,91.3,41.3,6.2,4,50.8,0
5.9,90.4,76.8,6.0,6,71.0,1
4.6,82.5,50.0,5.5,0,52.8,0
5.7,90.6,65.4,7.1,1,58.7,0
5.7,85.9,39.1,5.5,7,63.0,0
7.6,94.4,81.6,4.4,8,95.8,1
4.3,83.5,57.8,6.5,0,45.4,0
2.0,75.7,64.4,4.8,5,44.7,0
7.1,84.0,94.9,6.1,0,74.2,1
4.3,44.8,82.7,5.9,7,63.5,0
7.2,84.6,55.4,6.0,9,77.7,1
5.8,40.0,51.1,9.4,9,72.0,1
4.7,59.3,55.1,7.1,6,64.1,0
5.7,85.4,67.6,7.3,6,77.2,1
8.9,85.7,58.4,4.9,10,88.9,1
9.2,66.1,54.1,6.2,6,80.5,1
5.1,71.5,82.0,7.3,4,66.4,1
5.3,96.4,58.3,5.8,8,78.0,1
7.2,74.2,94.5,8.1,6,83.0,1
3.3,100.0,61.4,5.6,9,72.7,1
5.7,80.0,86.8,6.7,5,83.8,1
4.9,84.9,65.4,6.3,9,74.8,1
5.6,99.4,74.4,7.2,0,70.2,1
3.3,81.6,49.1,6.2,0,48.9,0
1.8,68.0,47.2,6.7,1,24.3,0
0.9,78.7,66.9,6.7,6,53.4,0
2.8,79.6,74.8,6.1,7,63.1,0
4.1,63.6,60.6,7.6,2,54.2,0
4.4,76.9,40.7,7.3,1,53.7,0
8.9,71.1,39.6,6.9,9,78.4,1
7.2,91.1,38.6,6.5,8,68.6,1
3.1,80.4,33.5,8.0,7,52.2,0
5.7,76.6,61.6,6.7,5,68.5,1
4.2,78.7,76.9,6.6,4,66.7,1
4.4,82.7,59.8,7.1,0,57.4,0
5.4,87.4,26.1,9.0,2,60.7,0
6.2,68.0,57.1,5.4,9,65.6,1
4.3,67.5,57.6,7.9,3,58.0,0
7.1,93.3,91.4,4.7,7,95.7,1
2.7,75.1,38.1,7.3,7,42.0,0
5.0,63.0,54.1,8.9,3,59.8,0
10.2,85.3,85.6,7.6,2,91.3,1
5.4,85.6,66.7,7.2,7,72.7,1
7.9,61.6,68.4,6.3,1,65.1,0
5.2,82.8,61.7,7.0,5,67.2,1
6.2,88.8,64.9,6.7,9,89.7,1
4.9,84.5,71.7,6.1,7,66.3,1
4.7,87.6,47.9,6.7,8,60.6,0
3.4,63.1,73.2,7.2,0,45.8,0
5.9,84.0,39.4,6.1,2,66.5,1
3.3,76.4,64.9,6.0,3,53.1,0
6.3,74.2,62.7,5.4,3,65.8,1
7.2,90.4,50.8,7.5,2,68.6,1
5.7,97.8,59.7,7.7,10,76.8,1
4.4,100.0,50.7,7.3,1,58.3,0
5.9,95.8,43.9,8.2,7,84.7,1
4.4,78.7,54.7,7.1,6,69.8,1
6.9,84.2,43.4,7.5,6,67.0,1
1.3,89.2,64.8,7.4,2,53.6,0
4.3,81.5,42.7,6.9,3,50.0,0
1.0,81.6,70.7,6.4,6,45.1,0
2.0,89.9,42.3,9.7,3,54.9,0
